"","baseMean","log2FoldChange","lfcSE","stat","pvalue","padj"
"a1cf",2489.22895269284,-0.0212849066277695,0.122141865494939,-0.174263808248871,0.861658140841449,0.861658140841449
"aaas",1665.28393808655,-0.420159395581115,0.10521595663176,-3.99330490385228,6.51586935000101e-05,0.000108597822500017
"aacs",947.37449392572,-1.00659481232051,0.15898073414698,-6.33155217027679,2.42707075689117e-10,1.21353537844559e-09
"aadac",11493.5531612307,1.03817193725562,0.174046387496093,5.96491517112889,2.44761166179223e-09,6.11902915448058e-09
"aadat",321.905008572143,0.619127919578785,0.200012123084663,3.09545196576267,0.00196513199665349,0.00245641499581686
